Office;Code;Origin;Type;1980;1981;1982;1983;1984;1985;1986;1987;1988;1989;1990;1991;1992;1993;1994;1995;1996;1997;1998;1999;2000;2001;2002;2003;2004;2005;2006;2007;2008;2009;2010;2011;2012;2013;2014;2015;2016;2017;2018;2019;
"African Intellectual Property Organization";"OA";"Total";"Total";;;;;;2;;2;;2;1;;3;;2;4;;;;;;;;;;;;;;;;13;8;;;;;;14;16;
"African Regional Intellectual Property Organization";"AP";"Total";"Total";;;;;;;;;;;;;;;;;;;;;;1;1;1;1;1;;1;1;3;2;3;8;7;10;21;28;17;42;24;
"Albania";"AL";"Total";"Total";;;;;;;;;;;;;;;;;;;;;;;;;;;;;;1;1;;;;1;1;4;1;2;1;
"Angola";"AO";"Total";"Total";;;;;;;;;;;;;;;;;;;;;;;;;;;;;;;;;;;;;;;3;;
"Argentina";"AR";"Total";"Total";;;;;;;;;;;;;;;;;;430;459;426;343;333;295;329;352;368;257;252;211;219;218;131;174;184;172;154;205;225;192;155;
"Armenia";"AM";"Total";"Total";;;;;;;;;;;;;;;;8;7;;;3;1;13;1;6;9;23;21;17;9;41;45;48;41;41;58;55;32;40;36;37;
"Australia";"AU";"Total";"Total";;;;;;;;;;;;;;;;348;349;463;469;620;654;898;989;1040;1093;1059;1076;1229;1255;1320;1465;1690;1856;1676;1523;1828;1855;1816;2257;1859;
"Austria";"AT";"Total";"Total";;;;;;;;;;;;;;;523;731;767;824;885;964;992;1098;983;1050;1067;989;1019;871;861;926;882;812;711;763;748;754;679;595;537;450;
"Azerbaijan";"AZ";"Total";"Total";;;;;;;;;;;;;;;;;;;;;;3;2;4;7;9;10;11;11;12;30;21;7;11;24;7;20;52;42;58;
"Belarus";"BY";"Total";"Total";;;;;;;;;;;;;;;;;;;73;141;210;315;422;;655;853;901;940;967;1119;1089;1090;1188;1146;485;455;416;453;372;334;
"Belize";"BZ";"Total";"Total";;;;;;;;;;;;;;;;;;;;;;;;;;;;;;;;;;6;;;;;1;;
"Bolivia (Plurinational State of)";"BO";"Total";"Total";;;;;;;;;;;;;;;;;;;;;;;;;;;;;;;;;;;14;;25;18;;;
"Bosnia and Herzegovina";"BA";"Total";"Total";;;;;;;;;;;;;;;;;;;;;;;;7;;;;;;;;;;;;;;;;;
"Botswana";"BW";"Total";"Total";;;;;;;;;;;;;;;;;;;;;;;;;;;;;;;;1;3;;1;3;4;5;12;15;
"Brazil";"BR";"Total";"Total";1746;1857;1781;2019;2167;2153;2497;2971;2851;2687;2911;2899;2217;2584;2468;3014;2938;;2794;2586;3278;3534;3529;3633;3595;3230;3182;3038;3382;3378;2989;3080;2997;3032;2734;2718;2936;2918;2587;2824;
"Bulgaria";"BG";"Total";"Total";;;;;;;;;;;;;;;117;139;102;129;92;108;107;106;127;127;96;88;96;;143;178;178;224;210;372;233;272;462;281;;454;
"Cambodia";"KH";"Total";"Total";;;;;;;;;;;;;;;;;;;;;;;;;;;;;;;;2;3;6;10;7;17;12;13;;
"Chile";"CL";"Total";"Total";;;;;;;;;;;;25;98;;114;105;90;;;98;118;;;;;;;105;113;97;69;86;134;104;127;106;110;142;139;138;
"China";"CN";"Total";"Total";;;;;;5174;9673;16706;22400;20727;27615;33282;44369;47499;45511;43741;49604;50129;51397;57492;68815;79722;93139;109115;112825;139566;161366;181324;225586;310771;409836;585467;740290;892362;868511;1127577;1475977;1687593;2072311;2268190;
"China; Hong Kong SAR";"HK";"Total";"Total";;;;;;;;;;;;;;;;;;;;;;;;;;;;;488;551;614;615;645;552;587;702;762;693;791;791;
"China; Macao SAR";"MO";"Total";"Total";;;;;;;;;;;;;;;;;;;;;;;2;;2;7;5;13;23;8;14;18;26;21;28;20;15;18;28;32;
"Colombia";"CO";"Total";"Total";;;;;;;;;;;;;;;;;;;95;107;125;167;180;179;157;165;231;172;195;212;188;233;277;261;199;217;270;216;188;177;
"Costa Rica";"CR";"Total";"Total";;;;1;5;2;4;8;1;5;4;8;8;9;5;6;22;17;9;5;15;7;8;7;7;12;5;12;25;15;7;12;12;12;9;14;19;14;20;8;
"Croatia";"HR";"Total";"Total";;;;;;;;;;;;;;;;;;;;;;;88;74;79;86;106;114;117;147;112;105;93;81;91;75;83;53;70;59;
"Cuba";"CU";"Total";"Total";;;;;;;;;;;;;;;;;;;;;;;;;;;;;;;;;;3;5;;1;2;3;5;
"Czechoslovakia";"CS";"Total";"Total";;;;;;;;;;;;;281;;;;;;;;;;;;;;;;;;;;;;;;;;;;
"Czech Republic";"CZ";"Total";"Total";;;;;;;;;;;;;;1490;1607;1474;1314;1370;1327;1384;1288;1166;1121;1117;1213;1185;1082;1125;1183;1382;1608;1646;1863;1731;1493;1446;1264;1279;1247;1301;
"Denmark";"DK";"Total";"Total";;;;;;;;;;;;;322;563;476;496;475;493;489;442;384;347;404;357;339;306;335;305;241;207;235;190;187;197;185;158;144;132;92;110;
"Dominican Republic";"DO";"Total";"Total";;;;;;;;;;;;;;;;;;;;;29;14;11;22;12;8;10;14;11;13;21;18;4;7;15;14;20;9;21;22;
"Ecuador";"EC";"Total";"Total";;;;;;;;;;;;;;;;;;26;;;16;17;19;10;8;27;21;19;22;17;44;;;22;25;59;41;49;46;59;
"El Salvador";"SV";"Total";"Total";;;;;;;;;;;;;;;;12;;4;;;;;;;;;;;;;;;5;10;8;1;7;2;4;5;
"Estonia";"EE";"Total";"Total";;;;;;;;;;;;;;;30;49;28;45;47;31;50;43;72;67;85;87;75;124;140;132;166;88;74;101;82;87;61;55;31;73;
"Ethiopia";"ET";"Total";"Total";;;;;;;;;;;;;;;;;;;10;23;18;50;32;47;58;43;60;73;;;;172;208;280;219;290;311;329;392;;
"Finland";"FI";"Total";"Total";;;;;;;;;;;;;776;633;647;545;637;577;596;523;511;494;512;496;496;439;520;506;422;475;557;481;474;480;450;436;450;509;400;313;
"France";"FR";"Total";"Total";;;;;;;;;;;;;;;;;;;;;;;;369;303;390;381;330;288;413;484;506;428;480;424;460;472;428;608;454;
"Gambia";"GM";"Total";"Total";;;;;;;;;;;;;;;;;;;;;;;;;;;;;;;;;;3;;;;1;2;;
"Georgia";"GE";"Total";"Total";;;;;;;;;;;;;;;;108;103;118;123;115;121;94;97;113;117;103;118;99;113;107;60;78;49;64;53;68;70;57;55;75;
"Germany";"DE";"Total";"Total";34247;36333;35025;35701;35693;34556;33209;16091;15340;14626;14354;15553;17004;20084;20581;20598;22276;23062;22541;23584;22310;20285;23428;23408;20286;20418;19766;18083;17067;17306;17005;16024;15497;15470;14741;14274;14030;13301;12307;11668;
"Ghana";"GH";"Total";"Total";;;;;;;;;;;;;;;;;;;;;;;;;;;;;;;;;;;;;2;7;2;;
"Greece";"GR";"Total";"Total";;;;;;;;;;362;272;;370;219;;191;155;;;83;76;65;94;71;33;62;37;31;33;29;30;27;17;27;33;16;23;16;22;29;
"Guatemala";"GT";"Total";"Total";;;;;;;;2;2;7;4;8;11;18;12;19;15;16;9;24;25;18;18;7;19;24;14;17;28;18;10;14;17;26;18;13;8;11;13;11;
"Honduras";"HN";"Total";"Total";;;;;2;5;10;1;4;1;1;1;1;2;1;3;19;5;4;2;7;7;2;7;10;11;3;3;8;5;8;7;12;10;5;3;7;10;4;3;
"Hungary";"HU";"Total";"Total";;;;;;;;;;;;;286;278;351;376;366;322;316;334;364;325;351;316;296;268;285;251;224;254;275;270;261;253;275;249;304;235;226;255;
"Iceland";"IS";"Total";"Total";;;;;;;;;;;;;;;;;;18;;;;;;;;;;;;;;;;;;;;;;;
"Indonesia";"ID";"Total";"Total";;;;;;;;;;;;22;55;71;93;132;135;160;141;187;251;221;205;192;209;195;268;243;248;289;642;292;;349;337;410;542;292;1545;2558;
"Ireland";"IE";"Total";"Total";;;;;;;;;;;;;;;;;;10;;;;;;;;;;;;546;442;331;338;255;203;237;138;131;533;124;
"Italy";"IT";"Total";"Total";5214;9765;6288;6384;6478;9346;10350;4724;2287;3945;3687;3786;3573;3337;3427;3442;2968;3654;2867;2962;3085;2917;2807;2727;2411;2148;2857;2559;2200;2307;2462;2470;2758;2678;2497;2915;2199;2095;1966;1916;
"Japan";"JP";"Total";"Total";191785;198979;202702;205215;202164;204803;204199;201609;171656;153277;138272;114674;94601;77101;17531;14886;14082;12048;10917;10283;9587;8806;8603;8169;7986;11387;10965;10315;9452;9507;8679;7984;8112;7622;7095;6860;6480;6105;5388;5241;
"Kazakhstan";"KZ";"Total";"Total";;;;;;;;;;;;;;23;12;15;17;7;7;8;14;28;;61;;;;;110;105;133;143;;212;203;530;716;833;896;;
"Kenya";"KE";"Total";"Total";;;;;;;;;;;;;;1;2;3;;1;3;7;5;12;14;12;13;11;19;16;19;30;28;51;68;78;83;115;136;153;178;212;
"Kyrgyzstan";"KG";"Total";"Total";;;;;;;;;;;;;;;5;9;8;13;10;8;5;6;8;10;9;3;5;17;7;12;16;10;17;9;10;17;24;22;;19;
"Lao People's Democratic Republic";"LA";"Total";"Total";;;;;;;;;;;;;;;;;;;;;;;;;;;;;;1;;1;1;4;4;7;7;16;7;;
"Malawi";"MW";"Total";"Total";;;;;;;;;;;;;;;;;;;;;;;;;;;;;1;;;;;;;;;;;;
"Malaysia";"MY";"Total";"Total";;;;;;;14;;;;;;;;;125;;;;;;;;60;97;75;77;78;98;61;81;107;87;145;140;180;159;206;198;192;
"Mexico";"MX";"Total";"Total";;;;;;;;;;;;49;203;342;419;413;505;399;379;370;375;468;454;385;385;443;386;482;434;535;610;581;593;714;707;661;711;619;821;699;
"Mongolia";"MN";"Total";"Total";;;;;;;;;;;;;;;;;;;;;;225;319;293;370;214;197;;;119;129;;;157;192;149;206;255;224;228;
"Mozambique";"MZ";"Total";"Total";;;;;;;;;;;;;;;;;;;;;1;;;;5;;;2;;;;;;5;11;9;22;6;28;11;
"Namibia";"NA";"Total";"Total";;;;;;;;;;;;;;;;;;;;;;;;;;;;;;;;;;;;;;;;8;
"Nicaragua";"NI";"Total";"Total";;;;;;;;;;;;;;;;;;;;;;;;;;;;;;;;;;2;;;;;;;
"Panama";"PA";"Total";"Total";;;;;;;;;;;;;;;;;;;;;22;7;3;5;1;5;5;4;15;2;2;8;5;9;13;8;11;4;5;3;
"Peru";"PE";"Total";"Total";;;;;;;51;45;26;;41;30;13;44;66;;81;83;;88;89;;;69;69;68;58;79;68;86;80;79;137;140;203;215;247;280;256;309;
"Philippines";"PH";"Total";"Total";796;724;539;436;476;462;352;;;399;337;474;;;;;555;517;633;647;572;;;;592;546;541;427;545;544;621;674;715;775;915;837;1191;1462;2347;2560;
"Poland";"PL";"Total";"Total";2559;1829;1851;1975;2267;2391;2766;3191;3740;3119;2590;2459;2647;2575;2430;2163;1853;1641;1599;1367;1330;1095;;759;680;644;678;649;719;780;945;1003;997;1053;961;1057;1151;1008;1022;911;
"Portugal";"PT";"Total";"Total";133;122;128;127;91;;95;71;99;112;118;174;259;281;149;125;106;86;81;70;94;103;80;73;74;82;101;86;109;127;127;126;90;120;112;150;118;97;99;93;
"Korea";"KR";"Total";"Total";8558;9064;10669;11485;14765;18548;22401;24773;22677;21530;22654;25895;28665;32205;39790;59856;68822;45809;28890;30650;37163;40804;39193;40825;37753;37175;32908;21084;17405;17144;13661;11854;12424;10968;9184;8711;7767;6811;6232;5447;
"Republic of Moldova";"MD";"Total";"Total";;;;;;;;;;;;;;;11;6;9;5;6;12;14;13;19;32;20;33;20;31;68;238;211;182;174;213;158;167;156;142;122;138;
"Romania";"RO";"Total";"Total";;;;;;;;;;;;;;;;;;;;;;;;;;;;;19;80;73;64;75;67;56;67;49;53;60;46;
"Russian Federation";"RU";"Total";"Total";;;;;;;;;;;;;;1193;1756;2039;2379;2356;2723;3444;4631;6029;;7622;8948;9473;9699;10075;10995;11153;12262;13241;14069;14358;13952;11906;11112;10643;9747;10136;
"Rwanda";"RW";"Total";"Total";;;;;;;;;;;;;;;;;;;;;;;;;;;;;;;;;12;;1;5;3;9;6;18;
"Samoa";"WS";"Total";"Total";;;;;;;;;;;;;;;;;;;;;;;;;;;;;;;;;;;;;;;1;3;
"Sao Tome and Principe";"ST";"Total";"Total";;;;;;;;;;;;;;;;;;;;;;;;;;;;;;;;;;;;;5;1;10;;
"Serbia";"RS";"Total";"Total";;;;;;;;;;;;;;;;;;;;;;;;;140;136;189;158;137;64;101;71;78;77;66;64;61;75;70;82;
"Slovakia";"SK";"Total";"Total";;;;;;;;;;;;;;294;472;434;440;477;402;351;409;366;;338;348;377;343;321;326;331;387;426;392;429;397;419;359;412;388;325;
"Slovenia";"SI";"Total";"Total";;;;;;;;;;;;;;;;;;;;;;;;25;15;25;18;;20;15;12;;;;;;;;;;
"Spain";"ES";"Total";"Total";6992;6571;6065;6027;6160;6600;5537;4195;3866;3896;3695;3934;3785;3492;3306;3291;3366;3375;3246;3264;3212;3142;3103;3000;2904;2855;2824;2666;2682;2560;2640;2598;2539;2648;2712;2354;2439;2465;2731;2757;
"Syrian Arab Republic";"SY";"Total";"Total";;;;;;;;;;;;;;;;;;;;;;;;;;;;;;;;;;;;;;;401;;
"Tajikistan";"TJ";"Total";"Total";;;;;;;;;;;;;;;;;1;1;2;;7;7;1;8;13;28;26;;;130;150;140;70;69;;93;;;;;
"Thailand";"TH";"Total";"Total";;;;;;;;;;;;;;;;;;;;202;616;811;1222;1344;1454;1652;2062;1435;1515;1467;1328;1342;1486;1609;1746;2164;2571;2517;2969;3310;
"Trinidad and Tobago";"TT";"Total";"Total";;;;;;;;;;;;;;;;;;;1;;;;;3;;;;;;;;;1;1;1;;;;1;;
"Turkey";"TR";"Total";"Total";;;;;;;;;;;;;;;;;;224;298;318;460;640;;1212;;;;3011;2992;2882;3033;3280;3788;3553;3569;3583;3534;3320;2770;2971;
"Uganda";"UG";"Total";"Total";;;;;;;;;;;;;;;;;;;;;;;;;3;;2;;;;;;;;;;;;;;
"Ukraine";"UA";"Total";"Total";;;;;;;;;;;;;;;;125;126;135;137;204;376;432;622;839;5232;7286;8171;;9600;9205;10685;10431;10217;10181;9384;8616;9584;9108;9120;8458;
"United Arab Emirates";"AE";"Total";"Total";;;;;;;;;;;;;;;;;;;;;;;;;;;;;;;;;;1;1;2;8;17;11;9;
"United Republic of Tanzania";"TZ";"Total";"Total";;;;;;;;;;;;;;;;;;;;;;;;;;;;;;;;;;;;;;;3;1;
"Uruguay";"UY";"Total";"Total";;;211;223;175;192;184;147;127;107;;105;110;114;82;87;82;87;95;71;76;64;58;52;58;54;60;46;55;50;53;42;55;;31;54;;36;;;
"Uzbekistan";"UZ";"Total";"Total";;;;;;;;;;;;;;23;23;22;10;16;11;6;9;4;;62;58;50;77;124;;125;175;99;183;173;173;190;158;146;206;277;
"Venezuela (Bolivarian Republic of)";"VE";"Total";"Total";;;;;;;;;;;;;;;;;;;;;72;;60;57;62;64;65;43;38;;;;;;;;;;;;
"Viet Nam";"VN";"Total";"Total";;;;;;;;;;25;64;53;33;58;58;66;79;66;28;42;93;82;131;127;165;248;236;220;284;253;255;247;245;273;372;450;478;434;557;637;
"Yemen";"YE";"Total";"Total";;;;;;;;;;;;;;;;;;;;;;;;;;;;;;;;;;;2;;1;;;;
"Yugoslavia";"YU";"Total";"Total";;;;;;;;;;;;;;;;;;;;;;;;149;;;;;;;;;;;;;;;;;
"Zambia";"ZM";"Total";"Total";;;;;;;;;;;;;;;;;;;;;;;;;;;;;1;;;;;;;;;;;;
"Zimbabwe";"ZW";"Total";"Total";;;;;;;;;;;;;;;;;;;;;;;;;;;;;1;;;;;;;;;;;;
